Trace1,
Freq,,Amp,,
             8000000,Hz,              -73.65, dBm,
             8053333,Hz,              -73.64, dBm,
             8106666,Hz,              -73.74, dBm,
             8159999,Hz,              -73.85, dBm,
             8213332,Hz,              -73.95, dBm,
             8266665,Hz,              -74.03, dBm,
             8319998,Hz,              -74.12, dBm,
             8373331,Hz,              -73.74, dBm,
             8426664,Hz,              -73.78, dBm,
             8479997,Hz,              -74.32, dBm,
             8533330,Hz,              -74.47, dBm,
             8586663,Hz,              -73.88, dBm,
             8639996,Hz,              -73.72, dBm,
             8693329,Hz,              -73.78, dBm,
             8746662,Hz,              -73.81, dBm,
             8799995,Hz,              -74.33, dBm,
             8853328,Hz,              -74.39, dBm,
             8906661,Hz,              -74.52, dBm,
             8959994,Hz,              -74.19, dBm,
             9013327,Hz,              -74.28, dBm,
             9066660,Hz,              -74.70, dBm,
             9119993,Hz,              -74.30, dBm,
             9173326,Hz,              -73.91, dBm,
             9226659,Hz,              -74.15, dBm,
             9279992,Hz,              -74.52, dBm,
             9333325,Hz,              -74.22, dBm,
             9386658,Hz,              -74.36, dBm,
             9439991,Hz,              -74.45, dBm,
             9493324,Hz,              -74.26, dBm,
             9546657,Hz,              -74.18, dBm,
             9599990,Hz,              -73.70, dBm,
             9653323,Hz,              -73.70, dBm,
             9706656,Hz,              -73.90, dBm,
             9759989,Hz,              -74.10, dBm,
             9813322,Hz,              -73.99, dBm,
             9866655,Hz,              -73.96, dBm,
             9919988,Hz,              -74.19, dBm,
             9973321,Hz,              -73.93, dBm,
            10026654,Hz,              -73.97, dBm,
            10079987,Hz,              -74.16, dBm,
            10133320,Hz,              -74.13, dBm,
            10186653,Hz,              -74.15, dBm,
            10239986,Hz,              -73.95, dBm,
            10293319,Hz,              -74.15, dBm,
            10346652,Hz,              -74.04, dBm,
            10399985,Hz,              -74.08, dBm,
            10453318,Hz,              -74.28, dBm,
            10506651,Hz,              -74.55, dBm,
            10559984,Hz,              -74.46, dBm,
            10613317,Hz,              -74.22, dBm,
            10666650,Hz,              -74.18, dBm,
            10719983,Hz,              -74.27, dBm,
            10773316,Hz,              -74.33, dBm,
            10826649,Hz,              -74.53, dBm,
            10879982,Hz,              -74.47, dBm,
            10933315,Hz,              -74.22, dBm,
            10986648,Hz,              -74.23, dBm,
            11039981,Hz,              -74.12, dBm,
            11093314,Hz,              -74.16, dBm,
            11146647,Hz,              -74.29, dBm,
            11199980,Hz,              -74.25, dBm,
            11253313,Hz,              -74.26, dBm,
            11306646,Hz,              -74.36, dBm,
            11359979,Hz,              -74.29, dBm,
            11413312,Hz,              -74.30, dBm,
            11466645,Hz,              -74.50, dBm,
            11519978,Hz,              -74.49, dBm,
            11573311,Hz,              -74.43, dBm,
            11626644,Hz,              -74.32, dBm,
            11679977,Hz,              -74.52, dBm,
            11733310,Hz,              -74.76, dBm,
            11786643,Hz,              -74.65, dBm,
            11839976,Hz,              -74.38, dBm,
            11893309,Hz,              -74.24, dBm,
            11946642,Hz,              -74.67, dBm,
            11999975,Hz,              -75.00, dBm,
            12053308,Hz,              -74.76, dBm,
            12106641,Hz,              -74.32, dBm,
            12159974,Hz,              -74.29, dBm,
            12213307,Hz,              -74.24, dBm,
            12266640,Hz,              -74.43, dBm,
            12319973,Hz,              -74.68, dBm,
            12373306,Hz,              -74.75, dBm,
            12426639,Hz,              -74.87, dBm,
            12479972,Hz,              -74.68, dBm,
            12533305,Hz,              -74.69, dBm,
            12586638,Hz,              -74.55, dBm,
            12639971,Hz,              -74.24, dBm,
            12693304,Hz,              -74.21, dBm,
            12746637,Hz,              -74.45, dBm,
            12799970,Hz,              -74.62, dBm,
            12853303,Hz,              -74.66, dBm,
            12906636,Hz,              -74.57, dBm,
            12959969,Hz,              -74.22, dBm,
            13013302,Hz,              -74.42, dBm,
            13066635,Hz,              -74.52, dBm,
            13119968,Hz,              -74.63, dBm,
            13173301,Hz,              -74.91, dBm,
            13226634,Hz,              -74.62, dBm,
            13279967,Hz,              -74.28, dBm,
            13333300,Hz,              -74.33, dBm,
            13386633,Hz,              -74.53, dBm,
            13439966,Hz,              -74.64, dBm,
            13493299,Hz,              -74.73, dBm,
            13546632,Hz,              -74.71, dBm,
            13599965,Hz,              -74.55, dBm,
            13653298,Hz,              -74.48, dBm,
            13706631,Hz,              -74.56, dBm,
            13759964,Hz,              -74.74, dBm,
            13813297,Hz,              -74.85, dBm,
            13866630,Hz,              -74.95, dBm,
            13919963,Hz,              -74.81, dBm,
            13973296,Hz,              -74.53, dBm,
            14026629,Hz,              -74.37, dBm,
            14079962,Hz,              -74.51, dBm,
            14133295,Hz,              -74.70, dBm,
            14186628,Hz,              -74.56, dBm,
            14239961,Hz,              -74.48, dBm,
            14293294,Hz,              -74.79, dBm,
            14346627,Hz,              -75.04, dBm,
            14399960,Hz,              -74.83, dBm,
            14453293,Hz,              -74.55, dBm,
            14506626,Hz,              -74.78, dBm,
            14559959,Hz,              -75.02, dBm,
            14613292,Hz,              -75.12, dBm,
            14666625,Hz,              -75.14, dBm,
            14719958,Hz,              -75.29, dBm,
            14773291,Hz,              -75.08, dBm,
            14826624,Hz,              -74.93, dBm,
            14879957,Hz,              -74.68, dBm,
            14933290,Hz,              -74.81, dBm,
            14986623,Hz,              -74.99, dBm,
            15039956,Hz,              -75.13, dBm,
            15093289,Hz,              -74.97, dBm,
            15146622,Hz,              -74.83, dBm,
            15199955,Hz,              -75.07, dBm,
            15253288,Hz,              -75.28, dBm,
            15306621,Hz,              -75.01, dBm,
            15359954,Hz,              -74.82, dBm,
            15413287,Hz,              -74.85, dBm,
            15466620,Hz,              -74.79, dBm,
            15519953,Hz,              -74.61, dBm,
            15573286,Hz,              -74.62, dBm,
            15626619,Hz,              -74.84, dBm,
            15679952,Hz,              -74.83, dBm,
            15733285,Hz,              -74.90, dBm,
            15786618,Hz,              -74.84, dBm,
            15839951,Hz,              -75.00, dBm,
            15893284,Hz,              -75.18, dBm,
            15946617,Hz,              -75.45, dBm,
            15999950,Hz,              -75.26, dBm,
            16053283,Hz,              -75.22, dBm,
            16106616,Hz,              -75.14, dBm,
            16159949,Hz,              -74.92, dBm,
            16213282,Hz,              -74.85, dBm,
            16266615,Hz,              -75.44, dBm,
            16319948,Hz,              -75.28, dBm,
            16373281,Hz,              -75.06, dBm,
            16426614,Hz,              -75.05, dBm,
            16479947,Hz,              -74.88, dBm,
            16533280,Hz,              -74.84, dBm,
            16586613,Hz,              -74.90, dBm,
            16639946,Hz,              -75.00, dBm,
            16693279,Hz,              -75.30, dBm,
            16746612,Hz,              -75.23, dBm,
            16799945,Hz,              -75.26, dBm,
            16853278,Hz,              -75.42, dBm,
            16906611,Hz,              -75.08, dBm,
            16959944,Hz,              -75.05, dBm,
            17013277,Hz,              -75.56, dBm,
            17066610,Hz,              -75.38, dBm,
            17119943,Hz,              -75.28, dBm,
            17173276,Hz,              -75.48, dBm,
            17226609,Hz,              -75.64, dBm,
            17279942,Hz,              -75.54, dBm,
            17333275,Hz,              -75.26, dBm,
            17386608,Hz,              -75.02, dBm,
            17439941,Hz,              -75.12, dBm,
            17493274,Hz,              -75.12, dBm,
            17546607,Hz,              -75.16, dBm,
            17599940,Hz,              -75.44, dBm,
            17653273,Hz,              -75.18, dBm,
            17706606,Hz,              -74.92, dBm,
            17759939,Hz,              -75.15, dBm,
            17813272,Hz,              -75.01, dBm,
            17866605,Hz,              -75.02, dBm,
            17919938,Hz,              -75.44, dBm,
            17973271,Hz,              -75.58, dBm,
            18026604,Hz,              -75.35, dBm,
            18079937,Hz,              -75.25, dBm,
            18133270,Hz,              -75.41, dBm,
            18186603,Hz,              -75.00, dBm,
            18239936,Hz,              -75.41, dBm,
            18293269,Hz,              -75.81, dBm,
            18346602,Hz,              -75.83, dBm,
            18399935,Hz,              -75.69, dBm,
            18453268,Hz,              -75.74, dBm,
            18506601,Hz,              -75.37, dBm,
            18559934,Hz,              -75.30, dBm,
            18613267,Hz,              -75.37, dBm,
            18666600,Hz,              -75.36, dBm,
            18719933,Hz,              -75.59, dBm,
            18773266,Hz,              -75.51, dBm,
            18826599,Hz,              -75.47, dBm,
            18879932,Hz,              -75.70, dBm,
            18933265,Hz,              -75.94, dBm,
            18986598,Hz,              -75.88, dBm,
            19039931,Hz,              -75.78, dBm,
            19093264,Hz,              -75.72, dBm,
            19146597,Hz,              -75.67, dBm,
            19199930,Hz,              -75.48, dBm,
            19253263,Hz,              -75.17, dBm,
            19306596,Hz,              -75.03, dBm,
            19359929,Hz,              -75.28, dBm,
            19413262,Hz,              -75.36, dBm,
            19466595,Hz,              -75.31, dBm,
            19519928,Hz,              -75.03, dBm,
            19573261,Hz,              -75.21, dBm,
            19626594,Hz,              -75.61, dBm,
            19679927,Hz,              -75.77, dBm,
            19733260,Hz,              -76.13, dBm,
            19786593,Hz,              -76.34, dBm,
            19839926,Hz,              -76.38, dBm,
            19893259,Hz,              -75.91, dBm,
            19946592,Hz,              -75.50, dBm,
            19999925,Hz,              -75.60, dBm,
            20053258,Hz,              -75.40, dBm,
            20106591,Hz,              -75.14, dBm,
            20159924,Hz,              -75.26, dBm,
            20213257,Hz,              -75.64, dBm,
            20266590,Hz,              -75.66, dBm,
            20319923,Hz,              -75.53, dBm,
            20373256,Hz,              -75.87, dBm,
            20426589,Hz,              -75.97, dBm,
            20479922,Hz,              -75.81, dBm,
            20533255,Hz,              -75.77, dBm,
            20586588,Hz,              -75.36, dBm,
            20639921,Hz,              -75.47, dBm,
            20693254,Hz,              -75.69, dBm,
            20746587,Hz,              -75.63, dBm,
            20799920,Hz,              -75.71, dBm,
            20853253,Hz,              -75.82, dBm,
            20906586,Hz,              -76.07, dBm,
            20959919,Hz,              -75.93, dBm,
            21013252,Hz,              -75.75, dBm,
            21066585,Hz,              -75.97, dBm,
            21119918,Hz,              -75.79, dBm,
            21173251,Hz,              -75.33, dBm,
            21226584,Hz,              -75.42, dBm,
            21279917,Hz,              -75.63, dBm,
            21333250,Hz,              -75.56, dBm,
            21386583,Hz,              -75.54, dBm,
            21439916,Hz,              -75.66, dBm,
            21493249,Hz,              -75.88, dBm,
            21546582,Hz,              -75.64, dBm,
            21599915,Hz,              -75.48, dBm,
            21653248,Hz,              -75.63, dBm,
            21706581,Hz,              -75.78, dBm,
            21759914,Hz,              -75.84, dBm,
            21813247,Hz,              -75.72, dBm,
            21866580,Hz,              -75.61, dBm,
            21919913,Hz,              -75.66, dBm,
            21973246,Hz,              -75.79, dBm,
            22026579,Hz,              -75.70, dBm,
            22079912,Hz,              -75.67, dBm,
            22133245,Hz,              -75.98, dBm,
            22186578,Hz,              -76.02, dBm,
            22239911,Hz,              -75.88, dBm,
            22293244,Hz,              -75.56, dBm,
            22346577,Hz,              -75.53, dBm,
            22399910,Hz,              -75.91, dBm,
            22453243,Hz,              -75.97, dBm,
            22506576,Hz,              -75.60, dBm,
            22559909,Hz,              -75.60, dBm,
            22613242,Hz,              -75.58, dBm,
            22666575,Hz,              -75.52, dBm,
            22719908,Hz,              -75.61, dBm,
            22773241,Hz,              -75.80, dBm,
            22826574,Hz,              -76.04, dBm,
            22879907,Hz,              -76.04, dBm,
            22933240,Hz,              -76.14, dBm,
            22986573,Hz,              -76.31, dBm,
            23039906,Hz,              -76.21, dBm,
            23093239,Hz,              -76.19, dBm,
            23146572,Hz,              -76.23, dBm,
            23199905,Hz,              -75.91, dBm,
            23253238,Hz,              -75.96, dBm,
            23306571,Hz,              -76.35, dBm,
            23359904,Hz,              -76.28, dBm,
            23413237,Hz,              -76.10, dBm,
            23466570,Hz,              -75.95, dBm,
            23519903,Hz,              -76.17, dBm,
            23573236,Hz,              -75.81, dBm,
            23626569,Hz,              -75.46, dBm,
            23679902,Hz,              -75.89, dBm,
            23733235,Hz,              -76.17, dBm,
            23786568,Hz,              -76.18, dBm,
            23839901,Hz,              -76.04, dBm,
            23893234,Hz,              -76.07, dBm,
            23946567,Hz,              -76.16, dBm,
            23999900,Hz,              -76.00, dBm,
            24053233,Hz,              -75.85, dBm,
            24106566,Hz,              -76.08, dBm,
            24159899,Hz,              -76.22, dBm,
            24213232,Hz,              -76.38, dBm,
            24266565,Hz,              -76.17, dBm,
            24319898,Hz,              -76.14, dBm,
            24373231,Hz,              -76.23, dBm,
            24426564,Hz,              -76.16, dBm,
            24479897,Hz,              -76.22, dBm,
            24533230,Hz,              -76.38, dBm,
            24586563,Hz,              -76.17, dBm,
            24639896,Hz,              -75.96, dBm,
            24693229,Hz,              -76.07, dBm,
            24746562,Hz,              -75.81, dBm,
            24799895,Hz,              -75.44, dBm,
            24853228,Hz,              -75.52, dBm,
            24906561,Hz,              -75.97, dBm,
            24959894,Hz,              -76.14, dBm,
            25013227,Hz,              -75.94, dBm,
            25066560,Hz,              -75.86, dBm,
            25119893,Hz,              -75.97, dBm,
            25173226,Hz,              -76.30, dBm,
            25226559,Hz,              -76.21, dBm,
            25279892,Hz,              -76.27, dBm,
            25333225,Hz,              -76.20, dBm,
            25386558,Hz,              -75.89, dBm,
            25439891,Hz,              -75.82, dBm,
            25493224,Hz,              -76.13, dBm,
            25546557,Hz,              -75.91, dBm,
            25599890,Hz,              -75.73, dBm,
            25653223,Hz,              -76.02, dBm,
            25706556,Hz,              -76.25, dBm,
            25759889,Hz,              -76.22, dBm,
            25813222,Hz,              -76.07, dBm,
            25866555,Hz,              -76.23, dBm,
            25919888,Hz,              -76.74, dBm,
            25973221,Hz,              -76.50, dBm,
            26026554,Hz,              -76.24, dBm,
            26079887,Hz,              -76.13, dBm,
            26133220,Hz,              -76.40, dBm,
            26186553,Hz,              -76.26, dBm,
            26239886,Hz,              -76.24, dBm,
            26293219,Hz,              -76.30, dBm,
            26346552,Hz,              -76.27, dBm,
            26399885,Hz,              -76.27, dBm,
            26453218,Hz,              -76.24, dBm,
            26506551,Hz,              -76.16, dBm,
            26559884,Hz,              -76.52, dBm,
            26613217,Hz,              -76.82, dBm,
            26666550,Hz,              -76.65, dBm,
            26719883,Hz,              -76.83, dBm,
            26773216,Hz,              -76.81, dBm,
            26826549,Hz,              -76.19, dBm,
            26879882,Hz,              -75.81, dBm,
            26933215,Hz,              -76.01, dBm,
            26986548,Hz,              -76.27, dBm,
            27039881,Hz,              -76.38, dBm,
            27093214,Hz,              -76.44, dBm,
            27146547,Hz,              -76.66, dBm,
            27199880,Hz,              -76.56, dBm,
            27253213,Hz,              -75.92, dBm,
            27306546,Hz,              -75.94, dBm,
            27359879,Hz,              -76.54, dBm,
            27413212,Hz,              -76.41, dBm,
            27466545,Hz,              -76.20, dBm,
            27519878,Hz,              -76.30, dBm,
            27573211,Hz,              -76.30, dBm,
            27626544,Hz,              -76.33, dBm,
            27679877,Hz,              -76.30, dBm,
            27733210,Hz,              -76.40, dBm,
            27786543,Hz,              -76.56, dBm,
            27839876,Hz,              -76.48, dBm,
            27893209,Hz,              -76.29, dBm,
            27946542,Hz,              -76.27, dBm,
            27999875,Hz,              -76.39, dBm,
            28053208,Hz,              -76.43, dBm,
            28106541,Hz,              -76.42, dBm,
            28159874,Hz,              -76.55, dBm,
            28213207,Hz,              -76.60, dBm,
            28266540,Hz,              -76.23, dBm,
            28319873,Hz,              -76.12, dBm,
            28373206,Hz,              -76.40, dBm,
            28426539,Hz,              -76.45, dBm,
            28479872,Hz,              -76.30, dBm,
            28533205,Hz,              -76.33, dBm,
            28586538,Hz,              -76.39, dBm,
            28639871,Hz,              -76.29, dBm,
            28693204,Hz,              -76.26, dBm,
            28746537,Hz,              -76.19, dBm,
            28799870,Hz,              -76.69, dBm,
            28853203,Hz,              -76.38, dBm,
            28906536,Hz,              -76.11, dBm,
            28959869,Hz,              -76.35, dBm,
            29013202,Hz,              -76.65, dBm,
            29066535,Hz,              -76.48, dBm,
            29119868,Hz,              -76.47, dBm,
            29173201,Hz,              -76.59, dBm,
            29226534,Hz,              -76.51, dBm,
            29279867,Hz,              -76.76, dBm,
            29333200,Hz,              -76.58, dBm,
            29386533,Hz,              -76.34, dBm,
            29439866,Hz,              -76.34, dBm,
            29493199,Hz,              -76.58, dBm,
            29546532,Hz,              -76.52, dBm,
            29599865,Hz,              -76.08, dBm,
            29653198,Hz,              -76.24, dBm,
            29706531,Hz,              -76.68, dBm,
            29759864,Hz,              -76.89, dBm,
            29813197,Hz,              -76.86, dBm,
            29866530,Hz,              -76.57, dBm,
            29919863,Hz,              -76.77, dBm,
            29973196,Hz,              -77.07, dBm,
            30026529,Hz,              -76.76, dBm,
            30079862,Hz,              -76.85, dBm,
            30133195,Hz,              -76.99, dBm,
            30186528,Hz,              -76.84, dBm,
            30239861,Hz,              -76.90, dBm,
            30293194,Hz,              -76.75, dBm,
            30346527,Hz,              -76.68, dBm,
            30399860,Hz,              -76.46, dBm,
            30453193,Hz,              -76.51, dBm,
            30506526,Hz,              -76.42, dBm,
            30559859,Hz,              -76.57, dBm,
            30613192,Hz,              -76.76, dBm,
            30666525,Hz,              -76.78, dBm,
            30719858,Hz,              -77.05, dBm,
            30773191,Hz,              -76.72, dBm,
            30826524,Hz,              -76.61, dBm,
            30879857,Hz,              -76.81, dBm,
            30933190,Hz,              -76.60, dBm,
            30986523,Hz,              -76.50, dBm,
            31039856,Hz,              -76.84, dBm,
            31093189,Hz,              -77.12, dBm,
            31146522,Hz,              -77.16, dBm,
            31199855,Hz,              -77.13, dBm,
            31253188,Hz,              -76.63, dBm,
            31306521,Hz,              -76.56, dBm,
            31359854,Hz,              -76.70, dBm,
            31413187,Hz,              -76.41, dBm,
            31466520,Hz,              -76.29, dBm,
            31519853,Hz,              -76.76, dBm,
            31573186,Hz,              -77.18, dBm,
            31626519,Hz,              -77.23, dBm,
            31679852,Hz,              -76.93, dBm,
            31733185,Hz,              -76.89, dBm,
            31786518,Hz,              -77.05, dBm,
            31839851,Hz,              -76.89, dBm,
            31893184,Hz,              -76.69, dBm,
            31946517,Hz,              -76.44, dBm,
            31999850,Hz,              -76.45, dBm,
            32053183,Hz,              -76.60, dBm,
            32106516,Hz,              -76.89, dBm,
            32159849,Hz,              -77.20, dBm,
            32213182,Hz,              -76.82, dBm,
            32266515,Hz,              -76.68, dBm,
            32319848,Hz,              -76.91, dBm,
            32373181,Hz,              -76.89, dBm,
            32426514,Hz,              -76.82, dBm,
            32479847,Hz,              -76.89, dBm,
            32533180,Hz,              -76.80, dBm,
            32586513,Hz,              -76.49, dBm,
            32639846,Hz,              -76.91, dBm,
            32693179,Hz,              -77.16, dBm,
            32746512,Hz,              -77.27, dBm,
            32799845,Hz,              -77.19, dBm,
            32853178,Hz,              -76.89, dBm,
            32906511,Hz,              -77.00, dBm,
            32959844,Hz,              -76.99, dBm,
            33013177,Hz,              -76.88, dBm,
            33066510,Hz,              -76.68, dBm,
            33119843,Hz,              -76.88, dBm,
            33173176,Hz,              -77.07, dBm,
            33226509,Hz,              -76.75, dBm,
            33279842,Hz,              -76.82, dBm,
            33333175,Hz,              -77.18, dBm,
            33386508,Hz,              -76.97, dBm,
            33439841,Hz,              -76.99, dBm,
            33493174,Hz,              -77.02, dBm,
            33546507,Hz,              -77.08, dBm,
            33599840,Hz,              -77.15, dBm,
            33653173,Hz,              -77.07, dBm,
            33706506,Hz,              -76.61, dBm,
            33759839,Hz,              -76.61, dBm,
            33813172,Hz,              -76.86, dBm,
            33866505,Hz,              -77.04, dBm,
            33919838,Hz,              -76.85, dBm,
            33973171,Hz,              -76.98, dBm,
            34026504,Hz,              -77.02, dBm,
            34079837,Hz,              -76.79, dBm,
            34133170,Hz,              -76.77, dBm,
            34186503,Hz,              -76.90, dBm,
            34239836,Hz,              -76.91, dBm,
            34293169,Hz,              -76.39, dBm,
            34346502,Hz,              -76.52, dBm,
            34399835,Hz,              -76.73, dBm,
            34453168,Hz,              -76.71, dBm,
            34506501,Hz,              -76.91, dBm,
            34559834,Hz,              -77.42, dBm,
            34613167,Hz,              -77.18, dBm,
            34666500,Hz,              -76.67, dBm,
            34719833,Hz,              -76.64, dBm,
            34773166,Hz,              -76.62, dBm,
            34826499,Hz,              -76.97, dBm,
            34879832,Hz,              -77.27, dBm,
            34933165,Hz,              -77.06, dBm,
            34986498,Hz,              -77.07, dBm,
            35039831,Hz,              -76.98, dBm,
            35093164,Hz,              -77.00, dBm,
            35146497,Hz,              -77.03, dBm,
            35199830,Hz,              -77.07, dBm,
            35253163,Hz,              -77.15, dBm,
            35306496,Hz,              -77.16, dBm,
            35359829,Hz,              -77.28, dBm,
            35413162,Hz,              -77.08, dBm,
            35466495,Hz,              -76.89, dBm,
            35519828,Hz,              -77.08, dBm,
            35573161,Hz,              -77.14, dBm,
            35626494,Hz,              -77.16, dBm,
            35679827,Hz,              -77.04, dBm,
            35733160,Hz,              -77.06, dBm,
            35786493,Hz,              -77.07, dBm,
            35839826,Hz,              -76.77, dBm,
            35893159,Hz,              -76.73, dBm,
            35946492,Hz,              -77.14, dBm,
            35999825,Hz,              -77.29, dBm,
            36053158,Hz,              -77.15, dBm,
            36106491,Hz,              -77.19, dBm,
            36159824,Hz,              -77.21, dBm,
            36213157,Hz,              -77.22, dBm,
            36266490,Hz,              -77.23, dBm,
            36319823,Hz,              -77.25, dBm,
            36373156,Hz,              -77.11, dBm,
            36426489,Hz,              -77.27, dBm,
            36479822,Hz,              -77.43, dBm,
            36533155,Hz,              -77.38, dBm,
            36586488,Hz,              -77.65, dBm,
            36639821,Hz,              -77.33, dBm,
            36693154,Hz,              -76.57, dBm,
            36746487,Hz,              -76.71, dBm,
            36799820,Hz,              -77.15, dBm,
            36853153,Hz,              -77.24, dBm,
            36906486,Hz,              -77.18, dBm,
            36959819,Hz,              -77.15, dBm,
            37013152,Hz,              -77.06, dBm,
            37066485,Hz,              -77.45, dBm,
            37119818,Hz,              -77.47, dBm,
            37173151,Hz,              -77.45, dBm,
            37226484,Hz,              -77.38, dBm,
            37279817,Hz,              -77.01, dBm,
            37333150,Hz,              -76.91, dBm,
            37386483,Hz,              -77.11, dBm,
            37439816,Hz,              -77.40, dBm,
            37493149,Hz,              -77.39, dBm,
            37546482,Hz,              -77.01, dBm,
            37599815,Hz,              -76.79, dBm,
            37653148,Hz,              -77.26, dBm,
            37706481,Hz,              -77.13, dBm,
            37759814,Hz,              -77.19, dBm,
            37813147,Hz,              -77.36, dBm,
            37866480,Hz,              -77.33, dBm,
            37919813,Hz,              -77.32, dBm,
            37973146,Hz,              -77.10, dBm,
            38026479,Hz,              -76.70, dBm,
            38079812,Hz,              -76.58, dBm,
            38133145,Hz,              -77.37, dBm,
            38186478,Hz,              -77.65, dBm,
            38239811,Hz,              -77.06, dBm,
            38293144,Hz,              -76.87, dBm,
            38346477,Hz,              -77.25, dBm,
            38399810,Hz,              -77.49, dBm,
            38453143,Hz,              -77.18, dBm,
            38506476,Hz,              -76.85, dBm,
            38559809,Hz,              -76.87, dBm,
            38613142,Hz,              -77.46, dBm,
            38666475,Hz,              -77.76, dBm,
            38719808,Hz,              -77.54, dBm,
            38773141,Hz,              -77.33, dBm,
            38826474,Hz,              -77.11, dBm,
            38879807,Hz,              -76.92, dBm,
            38933140,Hz,              -77.08, dBm,
            38986473,Hz,              -77.21, dBm,
            39039806,Hz,              -77.21, dBm,
            39093139,Hz,              -77.33, dBm,
            39146472,Hz,              -77.19, dBm,
            39199805,Hz,              -77.15, dBm,
            39253138,Hz,              -76.97, dBm,
            39306471,Hz,              -77.03, dBm,
            39359804,Hz,              -77.21, dBm,
            39413137,Hz,              -77.45, dBm,
            39466470,Hz,              -77.33, dBm,
            39519803,Hz,              -77.28, dBm,
            39573136,Hz,              -77.09, dBm,
            39626469,Hz,              -77.16, dBm,
            39679802,Hz,              -77.34, dBm,
            39733135,Hz,              -77.28, dBm,
            39786468,Hz,              -77.29, dBm,
            39839801,Hz,              -77.44, dBm,
            39893134,Hz,              -77.47, dBm,
            39946467,Hz,              -77.37, dBm,
            39999800,Hz,              -77.27, dBm,
Trace2,
Freq,,Amp,,
             8000000,Hz,              -64.65, dBm,
             8053333,Hz,              -63.89, dBm,
             8106666,Hz,              -63.63, dBm,
             8159999,Hz,              -64.95, dBm,
             8213332,Hz,              -64.55, dBm,
             8266665,Hz,              -65.68, dBm,
             8319998,Hz,              -66.05, dBm,
             8373331,Hz,              -63.98, dBm,
             8426664,Hz,              -64.93, dBm,
             8479997,Hz,              -64.75, dBm,
             8533330,Hz,              -65.37, dBm,
             8586663,Hz,              -66.04, dBm,
             8639996,Hz,              -66.02, dBm,
             8693329,Hz,              -65.48, dBm,
             8746662,Hz,              -66.44, dBm,
             8799995,Hz,              -65.81, dBm,
             8853328,Hz,              -65.68, dBm,
             8906661,Hz,              -67.70, dBm,
             8959994,Hz,              -66.12, dBm,
             9013327,Hz,              -66.61, dBm,
             9066660,Hz,              -66.60, dBm,
             9119993,Hz,              -66.39, dBm,
             9173326,Hz,              -66.32, dBm,
             9226659,Hz,              -65.65, dBm,
             9279992,Hz,              -66.45, dBm,
             9333325,Hz,              -66.58, dBm,
             9386658,Hz,              -67.53, dBm,
             9439991,Hz,              -66.82, dBm,
             9493324,Hz,              -64.12, dBm,
             9546657,Hz,              -64.32, dBm,
             9599990,Hz,              -65.09, dBm,
             9653323,Hz,              -66.06, dBm,
             9706656,Hz,              -66.56, dBm,
             9759989,Hz,              -65.67, dBm,
             9813322,Hz,              -65.13, dBm,
             9866655,Hz,              -65.02, dBm,
             9919988,Hz,              -64.68, dBm,
             9973321,Hz,              -65.16, dBm,
            10026654,Hz,              -65.41, dBm,
            10079987,Hz,              -65.62, dBm,
            10133320,Hz,              -65.95, dBm,
            10186653,Hz,              -66.06, dBm,
            10239986,Hz,              -66.57, dBm,
            10293319,Hz,              -64.96, dBm,
            10346652,Hz,              -65.67, dBm,
            10399985,Hz,              -65.58, dBm,
            10453318,Hz,              -66.37, dBm,
            10506651,Hz,              -66.16, dBm,
            10559984,Hz,              -66.66, dBm,
            10613317,Hz,              -64.98, dBm,
            10666650,Hz,              -65.97, dBm,
            10719983,Hz,              -65.78, dBm,
            10773316,Hz,              -65.44, dBm,
            10826649,Hz,              -64.62, dBm,
            10879982,Hz,              -64.75, dBm,
            10933315,Hz,              -65.33, dBm,
            10986648,Hz,              -64.85, dBm,
            11039981,Hz,              -64.79, dBm,
            11093314,Hz,              -65.30, dBm,
            11146647,Hz,              -64.44, dBm,
            11199980,Hz,              -64.75, dBm,
            11253313,Hz,              -65.89, dBm,
            11306646,Hz,              -66.12, dBm,
            11359979,Hz,              -65.49, dBm,
            11413312,Hz,              -66.68, dBm,
            11466645,Hz,              -66.09, dBm,
            11519978,Hz,              -66.94, dBm,
            11573311,Hz,              -66.69, dBm,
            11626644,Hz,              -66.15, dBm,
            11679977,Hz,              -67.17, dBm,
            11733310,Hz,              -66.24, dBm,
            11786643,Hz,              -66.70, dBm,
            11839976,Hz,              -66.74, dBm,
            11893309,Hz,              -66.77, dBm,
            11946642,Hz,              -66.84, dBm,
            11999975,Hz,              -66.10, dBm,
            12053308,Hz,              -66.33, dBm,
            12106641,Hz,              -66.26, dBm,
            12159974,Hz,              -67.24, dBm,
            12213307,Hz,              -66.57, dBm,
            12266640,Hz,              -65.91, dBm,
            12319973,Hz,              -66.79, dBm,
            12373306,Hz,              -66.99, dBm,
            12426639,Hz,              -67.35, dBm,
            12479972,Hz,              -66.62, dBm,
            12533305,Hz,              -66.33, dBm,
            12586638,Hz,              -66.80, dBm,
            12639971,Hz,              -66.67, dBm,
            12693304,Hz,              -65.84, dBm,
            12746637,Hz,              -66.67, dBm,
            12799970,Hz,              -66.76, dBm,
            12853303,Hz,              -67.53, dBm,
            12906636,Hz,              -66.31, dBm,
            12959969,Hz,              -67.39, dBm,
            13013302,Hz,              -66.18, dBm,
            13066635,Hz,              -66.77, dBm,
            13119968,Hz,              -67.51, dBm,
            13173301,Hz,              -67.93, dBm,
            13226634,Hz,              -67.54, dBm,
            13279967,Hz,              -66.56, dBm,
            13333300,Hz,              -66.25, dBm,
            13386633,Hz,              -67.14, dBm,
            13439966,Hz,              -65.64, dBm,
            13493299,Hz,              -67.38, dBm,
            13546632,Hz,              -67.53, dBm,
            13599965,Hz,              -67.15, dBm,
            13653298,Hz,              -66.89, dBm,
            13706631,Hz,              -66.98, dBm,
            13759964,Hz,              -66.69, dBm,
            13813297,Hz,              -67.25, dBm,
            13866630,Hz,              -66.83, dBm,
            13919963,Hz,              -66.68, dBm,
            13973296,Hz,              -65.60, dBm,
            14026629,Hz,              -67.32, dBm,
            14079962,Hz,              -67.87, dBm,
            14133295,Hz,              -65.96, dBm,
            14186628,Hz,              -66.04, dBm,
            14239961,Hz,              -67.36, dBm,
            14293294,Hz,              -68.09, dBm,
            14346627,Hz,              -67.71, dBm,
            14399960,Hz,              -66.83, dBm,
            14453293,Hz,              -65.25, dBm,
            14506626,Hz,              -64.94, dBm,
            14559959,Hz,              -65.32, dBm,
            14613292,Hz,              -66.55, dBm,
            14666625,Hz,              -67.27, dBm,
            14719958,Hz,              -66.78, dBm,
            14773291,Hz,              -67.83, dBm,
            14826624,Hz,              -67.91, dBm,
            14879957,Hz,              -68.31, dBm,
            14933290,Hz,              -67.47, dBm,
            14986623,Hz,              -66.64, dBm,
            15039956,Hz,              -67.70, dBm,
            15093289,Hz,              -67.07, dBm,
            15146622,Hz,              -67.86, dBm,
            15199955,Hz,              -67.03, dBm,
            15253288,Hz,              -67.03, dBm,
            15306621,Hz,              -66.68, dBm,
            15359954,Hz,              -66.43, dBm,
            15413287,Hz,              -68.77, dBm,
            15466620,Hz,              -67.03, dBm,
            15519953,Hz,              -67.22, dBm,
            15573286,Hz,              -67.78, dBm,
            15626619,Hz,              -67.99, dBm,
            15679952,Hz,              -66.86, dBm,
            15733285,Hz,              -67.87, dBm,
            15786618,Hz,              -67.03, dBm,
            15839951,Hz,              -68.53, dBm,
            15893284,Hz,              -67.71, dBm,
            15946617,Hz,              -67.63, dBm,
            15999950,Hz,              -67.38, dBm,
            16053283,Hz,              -68.33, dBm,
            16106616,Hz,              -68.47, dBm,
            16159949,Hz,              -68.18, dBm,
            16213282,Hz,              -67.22, dBm,
            16266615,Hz,              -67.25, dBm,
            16319948,Hz,              -66.45, dBm,
            16373281,Hz,              -67.42, dBm,
            16426614,Hz,              -67.66, dBm,
            16479947,Hz,              -67.20, dBm,
            16533280,Hz,              -66.42, dBm,
            16586613,Hz,              -67.93, dBm,
            16639946,Hz,              -68.03, dBm,
            16693279,Hz,              -67.81, dBm,
            16746612,Hz,              -67.44, dBm,
            16799945,Hz,              -67.84, dBm,
            16853278,Hz,              -67.30, dBm,
            16906611,Hz,              -67.58, dBm,
            16959944,Hz,              -67.01, dBm,
            17013277,Hz,              -68.09, dBm,
            17066610,Hz,              -68.09, dBm,
            17119943,Hz,              -66.41, dBm,
            17173276,Hz,              -67.88, dBm,
            17226609,Hz,              -67.12, dBm,
            17279942,Hz,              -66.72, dBm,
            17333275,Hz,              -67.22, dBm,
            17386608,Hz,              -68.65, dBm,
            17439941,Hz,              -67.45, dBm,
            17493274,Hz,              -68.51, dBm,
            17546607,Hz,              -67.28, dBm,
            17599940,Hz,              -67.99, dBm,
            17653273,Hz,              -67.81, dBm,
            17706606,Hz,              -68.30, dBm,
            17759939,Hz,              -65.81, dBm,
            17813272,Hz,              -67.60, dBm,
            17866605,Hz,              -66.87, dBm,
            17919938,Hz,              -67.74, dBm,
            17973271,Hz,              -68.58, dBm,
            18026604,Hz,              -67.00, dBm,
            18079937,Hz,              -66.90, dBm,
            18133270,Hz,              -68.46, dBm,
            18186603,Hz,              -66.89, dBm,
            18239936,Hz,              -67.47, dBm,
            18293269,Hz,              -65.36, dBm,
            18346602,Hz,              -65.91, dBm,
            18399935,Hz,              -67.49, dBm,
            18453268,Hz,              -66.44, dBm,
            18506601,Hz,              -67.35, dBm,
            18559934,Hz,              -67.49, dBm,
            18613267,Hz,              -67.05, dBm,
            18666600,Hz,              -65.65, dBm,
            18719933,Hz,              -68.31, dBm,
            18773266,Hz,              -67.16, dBm,
            18826599,Hz,              -67.54, dBm,
            18879932,Hz,              -68.61, dBm,
            18933265,Hz,              -68.00, dBm,
            18986598,Hz,              -68.36, dBm,
            19039931,Hz,              -68.07, dBm,
            19093264,Hz,              -68.42, dBm,
            19146597,Hz,              -68.31, dBm,
            19199930,Hz,              -67.81, dBm,
            19253263,Hz,              -68.45, dBm,
            19306596,Hz,              -66.82, dBm,
            19359929,Hz,              -67.02, dBm,
            19413262,Hz,              -67.62, dBm,
            19466595,Hz,              -67.74, dBm,
            19519928,Hz,              -67.66, dBm,
            19573261,Hz,              -68.02, dBm,
            19626594,Hz,              -67.80, dBm,
            19679927,Hz,              -68.49, dBm,
            19733260,Hz,              -68.04, dBm,
            19786593,Hz,              -67.23, dBm,
            19839926,Hz,              -68.01, dBm,
            19893259,Hz,              -66.89, dBm,
            19946592,Hz,              -68.54, dBm,
            19999925,Hz,              -67.57, dBm,
            20053258,Hz,              -68.49, dBm,
            20106591,Hz,              -67.77, dBm,
            20159924,Hz,              -67.24, dBm,
            20213257,Hz,              -68.15, dBm,
            20266590,Hz,              -67.94, dBm,
            20319923,Hz,              -68.10, dBm,
            20373256,Hz,              -67.27, dBm,
            20426589,Hz,              -67.64, dBm,
            20479922,Hz,              -67.80, dBm,
            20533255,Hz,              -67.95, dBm,
            20586588,Hz,              -67.69, dBm,
            20639921,Hz,              -67.32, dBm,
            20693254,Hz,              -66.75, dBm,
            20746587,Hz,              -68.33, dBm,
            20799920,Hz,              -69.25, dBm,
            20853253,Hz,              -67.46, dBm,
            20906586,Hz,              -67.80, dBm,
            20959919,Hz,              -67.42, dBm,
            21013252,Hz,              -67.41, dBm,
            21066585,Hz,              -67.86, dBm,
            21119918,Hz,              -67.53, dBm,
            21173251,Hz,              -68.40, dBm,
            21226584,Hz,              -68.71, dBm,
            21279917,Hz,              -67.75, dBm,
            21333250,Hz,              -68.56, dBm,
            21386583,Hz,              -66.92, dBm,
            21439916,Hz,              -66.61, dBm,
            21493249,Hz,              -66.54, dBm,
            21546582,Hz,              -67.03, dBm,
            21599915,Hz,              -66.71, dBm,
            21653248,Hz,              -68.08, dBm,
            21706581,Hz,              -67.21, dBm,
            21759914,Hz,              -68.09, dBm,
            21813247,Hz,              -67.49, dBm,
            21866580,Hz,              -67.78, dBm,
            21919913,Hz,              -68.20, dBm,
            21973246,Hz,              -68.26, dBm,
            22026579,Hz,              -69.34, dBm,
            22079912,Hz,              -68.79, dBm,
            22133245,Hz,              -69.37, dBm,
            22186578,Hz,              -68.65, dBm,
            22239911,Hz,              -68.00, dBm,
            22293244,Hz,              -68.76, dBm,
            22346577,Hz,              -68.58, dBm,
            22399910,Hz,              -67.48, dBm,
            22453243,Hz,              -67.68, dBm,
            22506576,Hz,              -68.11, dBm,
            22559909,Hz,              -68.72, dBm,
            22613242,Hz,              -68.24, dBm,
            22666575,Hz,              -68.86, dBm,
            22719908,Hz,              -68.46, dBm,
            22773241,Hz,              -68.83, dBm,
            22826574,Hz,              -68.54, dBm,
            22879907,Hz,              -68.53, dBm,
            22933240,Hz,              -69.33, dBm,
            22986573,Hz,              -69.04, dBm,
            23039906,Hz,              -69.06, dBm,
            23093239,Hz,              -68.38, dBm,
            23146572,Hz,              -68.55, dBm,
            23199905,Hz,              -68.67, dBm,
            23253238,Hz,              -68.12, dBm,
            23306571,Hz,              -67.18, dBm,
            23359904,Hz,              -67.79, dBm,
            23413237,Hz,              -67.41, dBm,
            23466570,Hz,              -69.03, dBm,
            23519903,Hz,              -67.61, dBm,
            23573236,Hz,              -68.13, dBm,
            23626569,Hz,              -66.58, dBm,
            23679902,Hz,              -68.64, dBm,
            23733235,Hz,              -68.18, dBm,
            23786568,Hz,              -70.02, dBm,
            23839901,Hz,              -68.61, dBm,
            23893234,Hz,              -68.63, dBm,
            23946567,Hz,              -68.95, dBm,
            23999900,Hz,              -69.22, dBm,
            24053233,Hz,              -69.83, dBm,
            24106566,Hz,              -68.83, dBm,
            24159899,Hz,              -68.27, dBm,
            24213232,Hz,              -68.80, dBm,
            24266565,Hz,              -69.06, dBm,
            24319898,Hz,              -68.59, dBm,
            24373231,Hz,              -68.86, dBm,
            24426564,Hz,              -68.76, dBm,
            24479897,Hz,              -68.53, dBm,
            24533230,Hz,              -68.41, dBm,
            24586563,Hz,              -66.80, dBm,
            24639896,Hz,              -67.07, dBm,
            24693229,Hz,              -68.23, dBm,
            24746562,Hz,              -67.63, dBm,
            24799895,Hz,              -68.45, dBm,
            24853228,Hz,              -68.10, dBm,
            24906561,Hz,              -67.11, dBm,
            24959894,Hz,              -67.53, dBm,
            25013227,Hz,              -67.47, dBm,
            25066560,Hz,              -66.67, dBm,
            25119893,Hz,              -68.19, dBm,
            25173226,Hz,              -68.34, dBm,
            25226559,Hz,              -66.11, dBm,
            25279892,Hz,              -67.33, dBm,
            25333225,Hz,              -68.52, dBm,
            25386558,Hz,              -68.53, dBm,
            25439891,Hz,              -68.75, dBm,
            25493224,Hz,              -66.50, dBm,
            25546557,Hz,              -67.86, dBm,
            25599890,Hz,              -66.37, dBm,
            25653223,Hz,              -68.39, dBm,
            25706556,Hz,              -69.23, dBm,
            25759889,Hz,              -68.56, dBm,
            25813222,Hz,              -68.55, dBm,
            25866555,Hz,              -68.28, dBm,
            25919888,Hz,              -68.17, dBm,
            25973221,Hz,              -65.97, dBm,
            26026554,Hz,              -68.02, dBm,
            26079887,Hz,              -68.36, dBm,
            26133220,Hz,              -69.00, dBm,
            26186553,Hz,              -68.83, dBm,
            26239886,Hz,              -68.31, dBm,
            26293219,Hz,              -68.69, dBm,
            26346552,Hz,              -68.49, dBm,
            26399885,Hz,              -68.36, dBm,
            26453218,Hz,              -67.99, dBm,
            26506551,Hz,              -67.41, dBm,
            26559884,Hz,              -67.69, dBm,
            26613217,Hz,              -66.42, dBm,
            26666550,Hz,              -69.30, dBm,
            26719883,Hz,              -67.33, dBm,
            26773216,Hz,              -67.76, dBm,
            26826549,Hz,              -67.43, dBm,
            26879882,Hz,              -68.13, dBm,
            26933215,Hz,              -69.21, dBm,
            26986548,Hz,              -68.75, dBm,
            27039881,Hz,              -69.03, dBm,
            27093214,Hz,              -68.14, dBm,
            27146547,Hz,              -67.37, dBm,
            27199880,Hz,              -67.91, dBm,
            27253213,Hz,              -68.50, dBm,
            27306546,Hz,              -68.64, dBm,
            27359879,Hz,              -68.98, dBm,
            27413212,Hz,              -68.31, dBm,
            27466545,Hz,              -68.34, dBm,
            27519878,Hz,              -69.14, dBm,
            27573211,Hz,              -67.23, dBm,
            27626544,Hz,              -68.35, dBm,
            27679877,Hz,              -66.71, dBm,
            27733210,Hz,              -66.83, dBm,
            27786543,Hz,              -67.79, dBm,
            27839876,Hz,              -67.41, dBm,
            27893209,Hz,              -67.38, dBm,
            27946542,Hz,              -67.55, dBm,
            27999875,Hz,              -67.66, dBm,
            28053208,Hz,              -66.69, dBm,
            28106541,Hz,              -66.44, dBm,
            28159874,Hz,              -68.59, dBm,
            28213207,Hz,              -68.34, dBm,
            28266540,Hz,              -68.80, dBm,
            28319873,Hz,              -68.03, dBm,
            28373206,Hz,              -67.90, dBm,
            28426539,Hz,              -68.30, dBm,
            28479872,Hz,              -67.93, dBm,
            28533205,Hz,              -68.32, dBm,
            28586538,Hz,              -67.82, dBm,
            28639871,Hz,              -68.17, dBm,
            28693204,Hz,              -68.60, dBm,
            28746537,Hz,              -69.13, dBm,
            28799870,Hz,              -69.02, dBm,
            28853203,Hz,              -68.96, dBm,
            28906536,Hz,              -67.97, dBm,
            28959869,Hz,              -69.19, dBm,
            29013202,Hz,              -69.66, dBm,
            29066535,Hz,              -69.04, dBm,
            29119868,Hz,              -69.09, dBm,
            29173201,Hz,              -69.58, dBm,
            29226534,Hz,              -68.77, dBm,
            29279867,Hz,              -69.33, dBm,
            29333200,Hz,              -68.39, dBm,
            29386533,Hz,              -67.49, dBm,
            29439866,Hz,              -68.21, dBm,
            29493199,Hz,              -68.86, dBm,
            29546532,Hz,              -69.92, dBm,
            29599865,Hz,              -68.36, dBm,
            29653198,Hz,              -68.58, dBm,
            29706531,Hz,              -68.12, dBm,
            29759864,Hz,              -68.93, dBm,
            29813197,Hz,              -68.92, dBm,
            29866530,Hz,              -67.50, dBm,
            29919863,Hz,              -68.69, dBm,
            29973196,Hz,              -69.47, dBm,
            30026529,Hz,              -69.58, dBm,
            30079862,Hz,              -69.97, dBm,
            30133195,Hz,              -68.14, dBm,
            30186528,Hz,              -67.76, dBm,
            30239861,Hz,              -68.97, dBm,
            30293194,Hz,              -68.87, dBm,
            30346527,Hz,              -67.97, dBm,
            30399860,Hz,              -67.91, dBm,
            30453193,Hz,              -68.39, dBm,
            30506526,Hz,              -68.88, dBm,
            30559859,Hz,              -68.59, dBm,
            30613192,Hz,              -68.87, dBm,
            30666525,Hz,              -69.28, dBm,
            30719858,Hz,              -69.13, dBm,
            30773191,Hz,              -69.34, dBm,
            30826524,Hz,              -68.38, dBm,
            30879857,Hz,              -69.51, dBm,
            30933190,Hz,              -68.58, dBm,
            30986523,Hz,              -68.35, dBm,
            31039856,Hz,              -69.76, dBm,
            31093189,Hz,              -68.98, dBm,
            31146522,Hz,              -69.17, dBm,
            31199855,Hz,              -68.90, dBm,
            31253188,Hz,              -68.92, dBm,
            31306521,Hz,              -68.22, dBm,
            31359854,Hz,              -67.77, dBm,
            31413187,Hz,              -69.29, dBm,
            31466520,Hz,              -69.59, dBm,
            31519853,Hz,              -69.70, dBm,
            31573186,Hz,              -67.92, dBm,
            31626519,Hz,              -69.29, dBm,
            31679852,Hz,              -69.80, dBm,
            31733185,Hz,              -69.37, dBm,
            31786518,Hz,              -69.06, dBm,
            31839851,Hz,              -68.94, dBm,
            31893184,Hz,              -69.51, dBm,
            31946517,Hz,              -68.78, dBm,
            31999850,Hz,              -68.94, dBm,
            32053183,Hz,              -69.34, dBm,
            32106516,Hz,              -68.78, dBm,
            32159849,Hz,              -67.87, dBm,
            32213182,Hz,              -69.35, dBm,
            32266515,Hz,              -68.80, dBm,
            32319848,Hz,              -69.15, dBm,
            32373181,Hz,              -68.93, dBm,
            32426514,Hz,              -69.29, dBm,
            32479847,Hz,              -69.88, dBm,
            32533180,Hz,              -70.39, dBm,
            32586513,Hz,              -68.80, dBm,
            32639846,Hz,              -69.38, dBm,
            32693179,Hz,              -69.96, dBm,
            32746512,Hz,              -69.80, dBm,
            32799845,Hz,              -69.44, dBm,
            32853178,Hz,              -68.55, dBm,
            32906511,Hz,              -69.11, dBm,
            32959844,Hz,              -70.33, dBm,
            33013177,Hz,              -69.42, dBm,
            33066510,Hz,              -68.48, dBm,
            33119843,Hz,              -69.17, dBm,
            33173176,Hz,              -69.38, dBm,
            33226509,Hz,              -68.67, dBm,
            33279842,Hz,              -67.67, dBm,
            33333175,Hz,              -68.68, dBm,
            33386508,Hz,              -69.14, dBm,
            33439841,Hz,              -69.28, dBm,
            33493174,Hz,              -69.86, dBm,
            33546507,Hz,              -69.40, dBm,
            33599840,Hz,              -68.04, dBm,
            33653173,Hz,              -69.61, dBm,
            33706506,Hz,              -69.18, dBm,
            33759839,Hz,              -70.27, dBm,
            33813172,Hz,              -68.97, dBm,
            33866505,Hz,              -69.75, dBm,
            33919838,Hz,              -69.21, dBm,
            33973171,Hz,              -69.00, dBm,
            34026504,Hz,              -68.19, dBm,
            34079837,Hz,              -69.61, dBm,
            34133170,Hz,              -70.38, dBm,
            34186503,Hz,              -68.70, dBm,
            34239836,Hz,              -69.96, dBm,
            34293169,Hz,              -69.54, dBm,
            34346502,Hz,              -69.50, dBm,
            34399835,Hz,              -68.90, dBm,
            34453168,Hz,              -68.90, dBm,
            34506501,Hz,              -69.10, dBm,
            34559834,Hz,              -69.24, dBm,
            34613167,Hz,              -69.28, dBm,
            34666500,Hz,              -68.43, dBm,
            34719833,Hz,              -69.90, dBm,
            34773166,Hz,              -69.00, dBm,
            34826499,Hz,              -69.26, dBm,
            34879832,Hz,              -68.58, dBm,
            34933165,Hz,              -68.54, dBm,
            34986498,Hz,              -69.54, dBm,
            35039831,Hz,              -68.95, dBm,
            35093164,Hz,              -68.69, dBm,
            35146497,Hz,              -69.48, dBm,
            35199830,Hz,              -68.65, dBm,
            35253163,Hz,              -69.70, dBm,
            35306496,Hz,              -68.91, dBm,
            35359829,Hz,              -69.76, dBm,
            35413162,Hz,              -70.06, dBm,
            35466495,Hz,              -70.07, dBm,
            35519828,Hz,              -70.16, dBm,
            35573161,Hz,              -69.06, dBm,
            35626494,Hz,              -69.30, dBm,
            35679827,Hz,              -69.56, dBm,
            35733160,Hz,              -69.71, dBm,
            35786493,Hz,              -70.10, dBm,
            35839826,Hz,              -69.69, dBm,
            35893159,Hz,              -69.81, dBm,
            35946492,Hz,              -69.22, dBm,
            35999825,Hz,              -70.20, dBm,
            36053158,Hz,              -68.94, dBm,
            36106491,Hz,              -69.07, dBm,
            36159824,Hz,              -69.12, dBm,
            36213157,Hz,              -69.63, dBm,
            36266490,Hz,              -69.64, dBm,
            36319823,Hz,              -69.16, dBm,
            36373156,Hz,              -69.39, dBm,
            36426489,Hz,              -69.33, dBm,
            36479822,Hz,              -69.92, dBm,
            36533155,Hz,              -69.57, dBm,
            36586488,Hz,              -69.94, dBm,
            36639821,Hz,              -68.74, dBm,
            36693154,Hz,              -68.89, dBm,
            36746487,Hz,              -70.35, dBm,
            36799820,Hz,              -69.64, dBm,
            36853153,Hz,              -70.39, dBm,
            36906486,Hz,              -70.06, dBm,
            36959819,Hz,              -69.79, dBm,
            37013152,Hz,              -69.92, dBm,
            37066485,Hz,              -69.08, dBm,
            37119818,Hz,              -71.40, dBm,
            37173151,Hz,              -69.93, dBm,
            37226484,Hz,              -70.02, dBm,
            37279817,Hz,              -69.65, dBm,
            37333150,Hz,              -69.17, dBm,
            37386483,Hz,              -70.75, dBm,
            37439816,Hz,              -69.16, dBm,
            37493149,Hz,              -69.66, dBm,
            37546482,Hz,              -68.67, dBm,
            37599815,Hz,              -70.18, dBm,
            37653148,Hz,              -70.38, dBm,
            37706481,Hz,              -68.73, dBm,
            37759814,Hz,              -69.87, dBm,
            37813147,Hz,              -70.15, dBm,
            37866480,Hz,              -70.67, dBm,
            37919813,Hz,              -69.74, dBm,
            37973146,Hz,              -68.01, dBm,
            38026479,Hz,              -68.56, dBm,
            38079812,Hz,              -69.48, dBm,
            38133145,Hz,              -69.44, dBm,
            38186478,Hz,              -69.24, dBm,
            38239811,Hz,              -70.30, dBm,
            38293144,Hz,              -69.32, dBm,
            38346477,Hz,              -70.46, dBm,
            38399810,Hz,              -69.33, dBm,
            38453143,Hz,              -67.95, dBm,
            38506476,Hz,              -68.97, dBm,
            38559809,Hz,              -69.57, dBm,
            38613142,Hz,              -69.81, dBm,
            38666475,Hz,              -69.21, dBm,
            38719808,Hz,              -70.11, dBm,
            38773141,Hz,              -68.96, dBm,
            38826474,Hz,              -68.98, dBm,
            38879807,Hz,              -69.59, dBm,
            38933140,Hz,              -68.98, dBm,
            38986473,Hz,              -68.48, dBm,
            39039806,Hz,              -69.71, dBm,
            39093139,Hz,              -70.79, dBm,
            39146472,Hz,              -69.96, dBm,
            39199805,Hz,              -69.68, dBm,
            39253138,Hz,              -69.08, dBm,
            39306471,Hz,              -69.67, dBm,
            39359804,Hz,              -69.42, dBm,
            39413137,Hz,              -70.35, dBm,
            39466470,Hz,              -68.71, dBm,
            39519803,Hz,              -70.34, dBm,
            39573136,Hz,              -70.79, dBm,
            39626469,Hz,              -69.42, dBm,
            39679802,Hz,              -69.34, dBm,
            39733135,Hz,              -70.07, dBm,
            39786468,Hz,              -70.47, dBm,
            39839801,Hz,              -70.85, dBm,
            39893134,Hz,              -70.71, dBm,
            39946467,Hz,              -70.28, dBm,
            39999800,Hz,              -69.07, dBm,
Trace3,
Freq,,Amp,,
             8000000,Hz,              -73.94, dBm,
             8053333,Hz,              -69.48, dBm,
             8106666,Hz,              -67.65, dBm,
             8159999,Hz,              -72.42, dBm,
             8213332,Hz,              -75.77, dBm,
             8266665,Hz,              -73.97, dBm,
             8319998,Hz,              -72.87, dBm,
             8373331,Hz,              -71.25, dBm,
             8426664,Hz,              -69.57, dBm,
             8479997,Hz,              -71.15, dBm,
             8533330,Hz,              -76.87, dBm,
             8586663,Hz,              -83.30, dBm,
             8639996,Hz,              -78.05, dBm,
             8693329,Hz,              -71.78, dBm,
             8746662,Hz,              -68.52, dBm,
             8799995,Hz,              -69.43, dBm,
             8853328,Hz,              -76.53, dBm,
             8906661,Hz,              -75.18, dBm,
             8959994,Hz,              -75.18, dBm,
             9013327,Hz,              -77.31, dBm,
             9066660,Hz,              -76.52, dBm,
             9119993,Hz,              -75.00, dBm,
             9173326,Hz,              -76.71, dBm,
             9226659,Hz,              -80.76, dBm,
             9279992,Hz,              -82.26, dBm,
             9333325,Hz,              -76.74, dBm,
             9386658,Hz,              -74.01, dBm,
             9439991,Hz,              -73.52, dBm,
             9493324,Hz,              -73.55, dBm,
             9546657,Hz,              -70.86, dBm,
             9599990,Hz,              -74.45, dBm,
             9653323,Hz,              -77.23, dBm,
             9706656,Hz,              -75.85, dBm,
             9759989,Hz,              -75.02, dBm,
             9813322,Hz,              -71.62, dBm,
             9866655,Hz,              -72.85, dBm,
             9919988,Hz,              -77.15, dBm,
             9973321,Hz,              -77.85, dBm,
            10026654,Hz,              -70.81, dBm,
            10079987,Hz,              -68.18, dBm,
            10133320,Hz,              -71.31, dBm,
            10186653,Hz,              -73.81, dBm,
            10239986,Hz,              -77.43, dBm,
            10293319,Hz,              -79.91, dBm,
            10346652,Hz,              -75.49, dBm,
            10399985,Hz,              -73.30, dBm,
            10453318,Hz,              -75.34, dBm,
            10506651,Hz,              -79.01, dBm,
            10559984,Hz,              -75.56, dBm,
            10613317,Hz,              -72.58, dBm,
            10666650,Hz,              -73.14, dBm,
            10719983,Hz,              -77.85, dBm,
            10773316,Hz,              -75.26, dBm,
            10826649,Hz,              -73.07, dBm,
            10879982,Hz,              -69.78, dBm,
            10933315,Hz,              -68.85, dBm,
            10986648,Hz,              -71.52, dBm,
            11039981,Hz,              -73.80, dBm,
            11093314,Hz,              -75.98, dBm,
            11146647,Hz,              -73.24, dBm,
            11199980,Hz,              -76.40, dBm,
            11253313,Hz,              -79.57, dBm,
            11306646,Hz,              -78.02, dBm,
            11359979,Hz,              -74.28, dBm,
            11413312,Hz,              -73.61, dBm,
            11466645,Hz,              -75.31, dBm,
            11519978,Hz,              -75.57, dBm,
            11573311,Hz,              -77.54, dBm,
            11626644,Hz,              -76.55, dBm,
            11679977,Hz,              -73.36, dBm,
            11733310,Hz,              -71.74, dBm,
            11786643,Hz,              -71.20, dBm,
            11839976,Hz,              -72.47, dBm,
            11893309,Hz,              -74.36, dBm,
            11946642,Hz,              -75.12, dBm,
            11999975,Hz,              -75.47, dBm,
            12053308,Hz,              -72.62, dBm,
            12106641,Hz,              -72.46, dBm,
            12159974,Hz,              -75.53, dBm,
            12213307,Hz,              -80.17, dBm,
            12266640,Hz,              -79.68, dBm,
            12319973,Hz,              -77.08, dBm,
            12373306,Hz,              -78.18, dBm,
            12426639,Hz,              -75.67, dBm,
            12479972,Hz,              -75.24, dBm,
            12533305,Hz,              -76.12, dBm,
            12586638,Hz,              -78.07, dBm,
            12639971,Hz,              -76.49, dBm,
            12693304,Hz,              -80.51, dBm,
            12746637,Hz,              -75.83, dBm,
            12799970,Hz,              -72.93, dBm,
            12853303,Hz,              -74.70, dBm,
            12906636,Hz,              -80.68, dBm,
            12959969,Hz,              -76.95, dBm,
            13013302,Hz,              -75.50, dBm,
            13066635,Hz,              -73.81, dBm,
            13119968,Hz,              -73.07, dBm,
            13173301,Hz,              -73.58, dBm,
            13226634,Hz,              -73.85, dBm,
            13279967,Hz,              -72.80, dBm,
            13333300,Hz,              -72.13, dBm,
            13386633,Hz,              -75.19, dBm,
            13439966,Hz,              -74.42, dBm,
            13493299,Hz,              -75.29, dBm,
            13546632,Hz,              -77.53, dBm,
            13599965,Hz,              -77.96, dBm,
            13653298,Hz,              -81.45, dBm,
            13706631,Hz,              -83.90, dBm,
            13759964,Hz,              -81.74, dBm,
            13813297,Hz,              -78.30, dBm,
            13866630,Hz,              -72.38, dBm,
            13919963,Hz,              -72.53, dBm,
            13973296,Hz,              -75.14, dBm,
            14026629,Hz,              -74.64, dBm,
            14079962,Hz,              -76.31, dBm,
            14133295,Hz,              -76.23, dBm,
            14186628,Hz,              -76.20, dBm,
            14239961,Hz,              -79.32, dBm,
            14293294,Hz,              -79.71, dBm,
            14346627,Hz,              -77.97, dBm,
            14399960,Hz,              -72.87, dBm,
            14453293,Hz,              -72.29, dBm,
            14506626,Hz,              -73.43, dBm,
            14559959,Hz,              -76.12, dBm,
            14613292,Hz,              -74.88, dBm,
            14666625,Hz,              -73.48, dBm,
            14719958,Hz,              -71.22, dBm,
            14773291,Hz,              -71.80, dBm,
            14826624,Hz,              -75.78, dBm,
            14879957,Hz,              -72.28, dBm,
            14933290,Hz,              -74.16, dBm,
            14986623,Hz,              -75.23, dBm,
            15039956,Hz,              -74.69, dBm,
            15093289,Hz,              -74.37, dBm,
            15146622,Hz,              -76.19, dBm,
            15199955,Hz,              -78.87, dBm,
            15253288,Hz,              -77.86, dBm,
            15306621,Hz,              -74.93, dBm,
            15359954,Hz,              -73.78, dBm,
            15413287,Hz,              -73.09, dBm,
            15466620,Hz,              -71.03, dBm,
            15519953,Hz,              -73.77, dBm,
            15573286,Hz,              -75.33, dBm,
            15626619,Hz,              -74.12, dBm,
            15679952,Hz,              -74.32, dBm,
            15733285,Hz,              -74.84, dBm,
            15786618,Hz,              -75.21, dBm,
            15839951,Hz,              -76.11, dBm,
            15893284,Hz,              -75.28, dBm,
            15946617,Hz,              -77.53, dBm,
            15999950,Hz,              -80.90, dBm,
            16053283,Hz,              -77.86, dBm,
            16106616,Hz,              -72.62, dBm,
            16159949,Hz,              -69.41, dBm,
            16213282,Hz,              -67.96, dBm,
            16266615,Hz,              -69.88, dBm,
            16319948,Hz,              -74.05, dBm,
            16373281,Hz,              -74.56, dBm,
            16426614,Hz,              -74.87, dBm,
            16479947,Hz,              -72.74, dBm,
            16533280,Hz,              -75.00, dBm,
            16586613,Hz,              -77.30, dBm,
            16639946,Hz,              -75.75, dBm,
            16693279,Hz,              -77.53, dBm,
            16746612,Hz,              -78.25, dBm,
            16799945,Hz,              -73.19, dBm,
            16853278,Hz,              -72.90, dBm,
            16906611,Hz,              -74.01, dBm,
            16959944,Hz,              -70.90, dBm,
            17013277,Hz,              -69.83, dBm,
            17066610,Hz,              -73.55, dBm,
            17119943,Hz,              -77.52, dBm,
            17173276,Hz,              -77.24, dBm,
            17226609,Hz,              -75.04, dBm,
            17279942,Hz,              -76.44, dBm,
            17333275,Hz,              -78.31, dBm,
            17386608,Hz,              -75.26, dBm,
            17439941,Hz,              -76.02, dBm,
            17493274,Hz,              -73.92, dBm,
            17546607,Hz,              -77.10, dBm,
            17599940,Hz,              -76.18, dBm,
            17653273,Hz,              -74.77, dBm,
            17706606,Hz,              -79.01, dBm,
            17759939,Hz,              -78.60, dBm,
            17813272,Hz,              -80.58, dBm,
            17866605,Hz,              -76.63, dBm,
            17919938,Hz,              -71.28, dBm,
            17973271,Hz,              -73.18, dBm,
            18026604,Hz,              -77.36, dBm,
            18079937,Hz,              -79.77, dBm,
            18133270,Hz,              -73.19, dBm,
            18186603,Hz,              -69.28, dBm,
            18239936,Hz,              -70.37, dBm,
            18293269,Hz,              -73.51, dBm,
            18346602,Hz,              -79.13, dBm,
            18399935,Hz,              -79.07, dBm,
            18453268,Hz,              -72.39, dBm,
            18506601,Hz,              -74.71, dBm,
            18559934,Hz,              -79.19, dBm,
            18613267,Hz,              -82.35, dBm,
            18666600,Hz,              -78.73, dBm,
            18719933,Hz,              -80.17, dBm,
            18773266,Hz,              -76.26, dBm,
            18826599,Hz,              -73.49, dBm,
            18879932,Hz,              -74.42, dBm,
            18933265,Hz,              -75.48, dBm,
            18986598,Hz,              -81.05, dBm,
            19039931,Hz,              -83.43, dBm,
            19093264,Hz,              -80.31, dBm,
            19146597,Hz,              -83.06, dBm,
            19199930,Hz,              -75.81, dBm,
            19253263,Hz,              -71.51, dBm,
            19306596,Hz,              -74.14, dBm,
            19359929,Hz,              -76.99, dBm,
            19413262,Hz,              -78.77, dBm,
            19466595,Hz,              -78.31, dBm,
            19519928,Hz,              -76.34, dBm,
            19573261,Hz,              -76.20, dBm,
            19626594,Hz,              -74.01, dBm,
            19679927,Hz,              -71.91, dBm,
            19733260,Hz,              -69.07, dBm,
            19786593,Hz,              -68.08, dBm,
            19839926,Hz,              -72.10, dBm,
            19893259,Hz,              -81.50, dBm,
            19946592,Hz,              -76.32, dBm,
            19999925,Hz,              -72.80, dBm,
            20053258,Hz,              -72.20, dBm,
            20106591,Hz,              -73.63, dBm,
            20159924,Hz,              -73.98, dBm,
            20213257,Hz,              -75.65, dBm,
            20266590,Hz,              -80.01, dBm,
            20319923,Hz,              -77.72, dBm,
            20373256,Hz,              -74.82, dBm,
            20426589,Hz,              -78.18, dBm,
            20479922,Hz,              -75.76, dBm,
            20533255,Hz,              -74.52, dBm,
            20586588,Hz,              -78.04, dBm,
            20639921,Hz,              -78.80, dBm,
            20693254,Hz,              -78.55, dBm,
            20746587,Hz,              -74.85, dBm,
            20799920,Hz,              -73.76, dBm,
            20853253,Hz,              -76.59, dBm,
            20906586,Hz,              -74.24, dBm,
            20959919,Hz,              -75.42, dBm,
            21013252,Hz,              -81.49, dBm,
            21066585,Hz,              -82.35, dBm,
            21119918,Hz,              -79.02, dBm,
            21173251,Hz,              -76.72, dBm,
            21226584,Hz,              -73.81, dBm,
            21279917,Hz,              -73.37, dBm,
            21333250,Hz,              -79.09, dBm,
            21386583,Hz,              -86.06, dBm,
            21439916,Hz,              -83.96, dBm,
            21493249,Hz,              -78.35, dBm,
            21546582,Hz,              -77.89, dBm,
            21599915,Hz,              -76.37, dBm,
            21653248,Hz,              -73.17, dBm,
            21706581,Hz,              -70.25, dBm,
            21759914,Hz,              -71.93, dBm,
            21813247,Hz,              -75.07, dBm,
            21866580,Hz,              -78.14, dBm,
            21919913,Hz,              -80.48, dBm,
            21973246,Hz,              -75.96, dBm,
            22026579,Hz,              -75.39, dBm,
            22079912,Hz,              -77.50, dBm,
            22133245,Hz,              -80.63, dBm,
            22186578,Hz,              -78.28, dBm,
            22239911,Hz,              -76.43, dBm,
            22293244,Hz,              -75.16, dBm,
            22346577,Hz,              -77.67, dBm,
            22399910,Hz,              -77.12, dBm,
            22453243,Hz,              -76.34, dBm,
            22506576,Hz,              -75.73, dBm,
            22559909,Hz,              -79.88, dBm,
            22613242,Hz,              -77.56, dBm,
            22666575,Hz,              -77.37, dBm,
            22719908,Hz,              -82.42, dBm,
            22773241,Hz,              -81.68, dBm,
            22826574,Hz,              -74.28, dBm,
            22879907,Hz,              -73.36, dBm,
            22933240,Hz,              -72.73, dBm,
            22986573,Hz,              -72.31, dBm,
            23039906,Hz,              -73.50, dBm,
            23093239,Hz,              -74.82, dBm,
            23146572,Hz,              -76.06, dBm,
            23199905,Hz,              -76.76, dBm,
            23253238,Hz,              -81.18, dBm,
            23306571,Hz,              -85.94, dBm,
            23359904,Hz,              -84.99, dBm,
            23413237,Hz,              -77.13, dBm,
            23466570,Hz,              -73.67, dBm,
            23519903,Hz,              -76.72, dBm,
            23573236,Hz,              -80.91, dBm,
            23626569,Hz,              -82.62, dBm,
            23679902,Hz,              -81.65, dBm,
            23733235,Hz,              -77.61, dBm,
            23786568,Hz,              -79.39, dBm,
            23839901,Hz,              -80.52, dBm,
            23893234,Hz,              -78.91, dBm,
            23946567,Hz,              -80.67, dBm,
            23999900,Hz,              -75.33, dBm,
            24053233,Hz,              -74.99, dBm,
            24106566,Hz,              -77.41, dBm,
            24159899,Hz,              -80.27, dBm,
            24213232,Hz,              -80.36, dBm,
            24266565,Hz,              -79.14, dBm,
            24319898,Hz,              -76.79, dBm,
            24373231,Hz,              -78.78, dBm,
            24426564,Hz,              -81.28, dBm,
            24479897,Hz,              -74.70, dBm,
            24533230,Hz,              -77.65, dBm,
            24586563,Hz,              -79.34, dBm,
            24639896,Hz,              -80.02, dBm,
            24693229,Hz,              -77.70, dBm,
            24746562,Hz,              -76.33, dBm,
            24799895,Hz,              -74.68, dBm,
            24853228,Hz,              -74.72, dBm,
            24906561,Hz,              -74.69, dBm,
            24959894,Hz,              -81.65, dBm,
            25013227,Hz,              -80.81, dBm,
            25066560,Hz,              -80.07, dBm,
            25119893,Hz,              -81.34, dBm,
            25173226,Hz,              -86.09, dBm,
            25226559,Hz,              -82.67, dBm,
            25279892,Hz,              -78.52, dBm,
            25333225,Hz,              -78.23, dBm,
            25386558,Hz,              -81.15, dBm,
            25439891,Hz,              -80.75, dBm,
            25493224,Hz,              -78.03, dBm,
            25546557,Hz,              -75.92, dBm,
            25599890,Hz,              -73.82, dBm,
            25653223,Hz,              -71.88, dBm,
            25706556,Hz,              -73.49, dBm,
            25759889,Hz,              -80.24, dBm,
            25813222,Hz,              -82.33, dBm,
            25866555,Hz,              -82.84, dBm,
            25919888,Hz,              -83.04, dBm,
            25973221,Hz,              -75.65, dBm,
            26026554,Hz,              -73.44, dBm,
            26079887,Hz,              -72.89, dBm,
            26133220,Hz,              -75.30, dBm,
            26186553,Hz,              -72.69, dBm,
            26239886,Hz,              -70.73, dBm,
            26293219,Hz,              -73.18, dBm,
            26346552,Hz,              -72.61, dBm,
            26399885,Hz,              -71.06, dBm,
            26453218,Hz,              -72.82, dBm,
            26506551,Hz,              -79.35, dBm,
            26559884,Hz,              -80.47, dBm,
            26613217,Hz,              -79.54, dBm,
            26666550,Hz,              -72.98, dBm,
            26719883,Hz,              -71.00, dBm,
            26773216,Hz,              -70.74, dBm,
            26826549,Hz,              -70.96, dBm,
            26879882,Hz,              -73.98, dBm,
            26933215,Hz,              -76.28, dBm,
            26986548,Hz,              -80.17, dBm,
            27039881,Hz,              -84.72, dBm,
            27093214,Hz,              -80.81, dBm,
            27146547,Hz,              -80.03, dBm,
            27199880,Hz,              -79.90, dBm,
            27253213,Hz,              -78.60, dBm,
            27306546,Hz,              -75.53, dBm,
            27359879,Hz,              -74.60, dBm,
            27413212,Hz,              -79.62, dBm,
            27466545,Hz,              -80.21, dBm,
            27519878,Hz,              -78.52, dBm,
            27573211,Hz,              -80.46, dBm,
            27626544,Hz,              -78.86, dBm,
            27679877,Hz,              -78.59, dBm,
            27733210,Hz,              -73.95, dBm,
            27786543,Hz,              -71.28, dBm,
            27839876,Hz,              -74.85, dBm,
            27893209,Hz,              -80.12, dBm,
            27946542,Hz,              -81.24, dBm,
            27999875,Hz,              -76.34, dBm,
            28053208,Hz,              -72.23, dBm,
            28106541,Hz,              -77.55, dBm,
            28159874,Hz,              -81.51, dBm,
            28213207,Hz,              -77.62, dBm,
            28266540,Hz,              -79.13, dBm,
            28319873,Hz,              -77.63, dBm,
            28373206,Hz,              -72.94, dBm,
            28426539,Hz,              -72.25, dBm,
            28479872,Hz,              -75.07, dBm,
            28533205,Hz,              -76.01, dBm,
            28586538,Hz,              -76.71, dBm,
            28639871,Hz,              -75.20, dBm,
            28693204,Hz,              -74.31, dBm,
            28746537,Hz,              -76.76, dBm,
            28799870,Hz,              -77.12, dBm,
            28853203,Hz,              -74.17, dBm,
            28906536,Hz,              -74.98, dBm,
            28959869,Hz,              -77.03, dBm,
            29013202,Hz,              -75.27, dBm,
            29066535,Hz,              -79.27, dBm,
            29119868,Hz,              -81.83, dBm,
            29173201,Hz,              -82.06, dBm,
            29226534,Hz,              -81.44, dBm,
            29279867,Hz,              -81.13, dBm,
            29333200,Hz,              -80.11, dBm,
            29386533,Hz,              -81.46, dBm,
            29439866,Hz,              -82.04, dBm,
            29493199,Hz,              -76.61, dBm,
            29546532,Hz,              -73.33, dBm,
            29599865,Hz,              -76.27, dBm,
            29653198,Hz,              -75.91, dBm,
            29706531,Hz,              -76.77, dBm,
            29759864,Hz,              -80.38, dBm,
            29813197,Hz,              -84.24, dBm,
            29866530,Hz,              -83.27, dBm,
            29919863,Hz,              -77.29, dBm,
            29973196,Hz,              -73.90, dBm,
            30026529,Hz,              -77.15, dBm,
            30079862,Hz,              -79.50, dBm,
            30133195,Hz,              -79.28, dBm,
            30186528,Hz,              -82.71, dBm,
            30239861,Hz,              -76.83, dBm,
            30293194,Hz,              -72.85, dBm,
            30346527,Hz,              -76.58, dBm,
            30399860,Hz,              -80.69, dBm,
            30453193,Hz,              -77.28, dBm,
            30506526,Hz,              -82.49, dBm,
            30559859,Hz,              -78.83, dBm,
            30613192,Hz,              -74.73, dBm,
            30666525,Hz,              -77.02, dBm,
            30719858,Hz,              -77.17, dBm,
            30773191,Hz,              -73.38, dBm,
            30826524,Hz,              -73.13, dBm,
            30879857,Hz,              -74.97, dBm,
            30933190,Hz,              -79.33, dBm,
            30986523,Hz,              -79.61, dBm,
            31039856,Hz,              -78.10, dBm,
            31093189,Hz,              -74.61, dBm,
            31146522,Hz,              -72.65, dBm,
            31199855,Hz,              -74.27, dBm,
            31253188,Hz,              -73.98, dBm,
            31306521,Hz,              -73.69, dBm,
            31359854,Hz,              -75.26, dBm,
            31413187,Hz,              -74.19, dBm,
            31466520,Hz,              -73.32, dBm,
            31519853,Hz,              -79.92, dBm,
            31573186,Hz,              -81.35, dBm,
            31626519,Hz,              -75.10, dBm,
            31679852,Hz,              -73.33, dBm,
            31733185,Hz,              -76.87, dBm,
            31786518,Hz,              -75.43, dBm,
            31839851,Hz,              -76.92, dBm,
            31893184,Hz,              -82.69, dBm,
            31946517,Hz,              -81.32, dBm,
            31999850,Hz,              -80.37, dBm,
            32053183,Hz,              -80.83, dBm,
            32106516,Hz,              -78.28, dBm,
            32159849,Hz,              -74.76, dBm,
            32213182,Hz,              -78.01, dBm,
            32266515,Hz,              -77.86, dBm,
            32319848,Hz,              -76.97, dBm,
            32373181,Hz,              -79.05, dBm,
            32426514,Hz,              -76.90, dBm,
            32479847,Hz,              -77.07, dBm,
            32533180,Hz,              -78.57, dBm,
            32586513,Hz,              -74.76, dBm,
            32639846,Hz,              -77.07, dBm,
            32693179,Hz,              -80.06, dBm,
            32746512,Hz,              -82.22, dBm,
            32799845,Hz,              -81.76, dBm,
            32853178,Hz,              -78.95, dBm,
            32906511,Hz,              -78.13, dBm,
            32959844,Hz,              -80.51, dBm,
            33013177,Hz,              -84.03, dBm,
            33066510,Hz,              -85.36, dBm,
            33119843,Hz,              -79.77, dBm,
            33173176,Hz,              -74.36, dBm,
            33226509,Hz,              -75.43, dBm,
            33279842,Hz,              -80.96, dBm,
            33333175,Hz,              -82.57, dBm,
            33386508,Hz,              -81.25, dBm,
            33439841,Hz,              -79.72, dBm,
            33493174,Hz,              -80.57, dBm,
            33546507,Hz,              -81.54, dBm,
            33599840,Hz,              -80.62, dBm,
            33653173,Hz,              -79.48, dBm,
            33706506,Hz,              -79.16, dBm,
            33759839,Hz,              -82.14, dBm,
            33813172,Hz,              -81.39, dBm,
            33866505,Hz,              -76.11, dBm,
            33919838,Hz,              -75.37, dBm,
            33973171,Hz,              -76.44, dBm,
            34026504,Hz,              -77.94, dBm,
            34079837,Hz,              -78.65, dBm,
            34133170,Hz,              -78.01, dBm,
            34186503,Hz,              -75.30, dBm,
            34239836,Hz,              -75.05, dBm,
            34293169,Hz,              -81.27, dBm,
            34346502,Hz,              -78.51, dBm,
            34399835,Hz,              -81.44, dBm,
            34453168,Hz,              -82.37, dBm,
            34506501,Hz,              -78.61, dBm,
            34559834,Hz,              -79.89, dBm,
            34613167,Hz,              -80.17, dBm,
            34666500,Hz,              -77.77, dBm,
            34719833,Hz,              -78.99, dBm,
            34773166,Hz,              -78.06, dBm,
            34826499,Hz,              -76.37, dBm,
            34879832,Hz,              -75.33, dBm,
            34933165,Hz,              -75.31, dBm,
            34986498,Hz,              -78.20, dBm,
            35039831,Hz,              -78.16, dBm,
            35093164,Hz,              -76.55, dBm,
            35146497,Hz,              -78.88, dBm,
            35199830,Hz,              -76.37, dBm,
            35253163,Hz,              -78.53, dBm,
            35306496,Hz,              -88.54, dBm,
            35359829,Hz,              -87.96, dBm,
            35413162,Hz,              -85.72, dBm,
            35466495,Hz,              -82.74, dBm,
            35519828,Hz,              -80.21, dBm,
            35573161,Hz,              -78.35, dBm,
            35626494,Hz,              -79.32, dBm,
            35679827,Hz,              -81.48, dBm,
            35733160,Hz,              -85.43, dBm,
            35786493,Hz,              -80.58, dBm,
            35839826,Hz,              -80.09, dBm,
            35893159,Hz,              -81.24, dBm,
            35946492,Hz,              -75.12, dBm,
            35999825,Hz,              -75.45, dBm,
            36053158,Hz,              -78.53, dBm,
            36106491,Hz,              -74.31, dBm,
            36159824,Hz,              -75.34, dBm,
            36213157,Hz,              -76.41, dBm,
            36266490,Hz,              -75.25, dBm,
            36319823,Hz,              -74.73, dBm,
            36373156,Hz,              -74.29, dBm,
            36426489,Hz,              -76.05, dBm,
            36479822,Hz,              -83.83, dBm,
            36533155,Hz,              -78.54, dBm,
            36586488,Hz,              -75.26, dBm,
            36639821,Hz,              -73.79, dBm,
            36693154,Hz,              -74.26, dBm,
            36746487,Hz,              -74.47, dBm,
            36799820,Hz,              -74.54, dBm,
            36853153,Hz,              -78.08, dBm,
            36906486,Hz,              -83.22, dBm,
            36959819,Hz,              -86.25, dBm,
            37013152,Hz,              -83.57, dBm,
            37066485,Hz,              -80.16, dBm,
            37119818,Hz,              -78.54, dBm,
            37173151,Hz,              -78.11, dBm,
            37226484,Hz,              -73.95, dBm,
            37279817,Hz,              -74.28, dBm,
            37333150,Hz,              -79.49, dBm,
            37386483,Hz,              -87.45, dBm,
            37439816,Hz,              -93.74, dBm,
            37493149,Hz,              -84.84, dBm,
            37546482,Hz,              -79.28, dBm,
            37599815,Hz,              -76.84, dBm,
            37653148,Hz,              -79.57, dBm,
            37706481,Hz,              -81.58, dBm,
            37759814,Hz,              -77.43, dBm,
            37813147,Hz,              -78.90, dBm,
            37866480,Hz,              -79.74, dBm,
            37919813,Hz,              -78.99, dBm,
            37973146,Hz,              -85.07, dBm,
            38026479,Hz,              -88.03, dBm,
            38079812,Hz,              -82.40, dBm,
            38133145,Hz,              -74.55, dBm,
            38186478,Hz,              -74.99, dBm,
            38239811,Hz,              -77.02, dBm,
            38293144,Hz,              -75.42, dBm,
            38346477,Hz,              -75.66, dBm,
            38399810,Hz,              -76.39, dBm,
            38453143,Hz,              -78.81, dBm,
            38506476,Hz,              -75.21, dBm,
            38559809,Hz,              -73.92, dBm,
            38613142,Hz,              -77.89, dBm,
            38666475,Hz,              -81.81, dBm,
            38719808,Hz,              -80.98, dBm,
            38773141,Hz,              -81.27, dBm,
            38826474,Hz,              -79.98, dBm,
            38879807,Hz,              -82.39, dBm,
            38933140,Hz,              -83.01, dBm,
            38986473,Hz,              -89.20, dBm,
            39039806,Hz,              -91.78, dBm,
            39093139,Hz,              -87.06, dBm,
            39146472,Hz,              -84.36, dBm,
            39199805,Hz,              -83.90, dBm,
            39253138,Hz,              -85.04, dBm,
            39306471,Hz,              -83.53, dBm,
            39359804,Hz,              -75.67, dBm,
            39413137,Hz,              -74.01, dBm,
            39466470,Hz,              -79.05, dBm,
            39519803,Hz,              -81.88, dBm,
            39573136,Hz,              -84.05, dBm,
            39626469,Hz,              -79.96, dBm,
            39679802,Hz,              -76.50, dBm,
            39733135,Hz,              -78.15, dBm,
            39786468,Hz,              -81.22, dBm,
            39839801,Hz,              -79.67, dBm,
            39893134,Hz,              -79.65, dBm,
            39946467,Hz,              -78.81, dBm,
            39999800,Hz,              -76.90, dBm,
